id,time,ele
153,00:01.0,1566
153,00:00.6,1436
153,00:00.6,1332
153,00:00.6,1266
153,00:00.6,1207
153,00:01.0,1123
153,00:00.6,1129
153,00:00.6,1126
153,00:00.6,1128
153,00:00.6,1126
153,00:00.6,1124
153,00:00.6,1124
153,00:00.6,1128
153,00:00.6,1121
153,00:00.6,1117
153,00:00.6,1119
153,00:00.6,1120
153,00:00.6,1119
153,00:00.6,1116
153,00:00.6,1094
153,00:00.6,1083
153,00:00.6,1081
153,00:00.6,1078
153,00:00.6,1082
153,00:00.6,1069
153,00:00.6,1057
153,00:00.6,1037
153,00:00.6,1027
153,00:00.6,1015
153,00:00.6,1007
153,00:00.6,994
153,00:00.6,990
153,00:00.6,982
153,00:00.6,980
153,00:00.6,990
153,00:00.6,973
153,00:00.6,997
153,00:00.6,990
153,00:00.6,978
153,00:00.6,1001
153,00:00.6,1020
153,00:00.6,975
153,00:00.6,970
153,00:43.6,982
153,00:44.6,972
153,00:45.6,973
153,00:46.6,973
153,00:47.6,1005
153,00:48.6,992
153,00:49.6,994
153,00:50.6,993
153,00:51.6,994
153,00:52.6,994
153,00:53.6,992
153,00:54.6,994
153,00:55.6,995
153,00:56.6,990
153,00:57.6,1336
153,00:58.6,1240
153,00:59.6,1119
153,01:00.6,1595
153,01:01.6,1603
153,01:02.6,1605
153,01:03.6,1605
153,01:04.6,1605
153,01:05.6,1605
153,01:06.6,1606
153,01:07.6,1605
153,01:08.6,1604
153,01:09.6,1590
153,01:10.6,1587
153,01:11.6,1587
153,01:12.6,1586
153,01:13.6,1576
153,01:14.6,1469
153,01:15.6,1409
153,01:16.6,1388
153,01:17.6,1365
153,01:18.6,1321
153,01:19.6,1280
153,01:20.6,1237
153,01:21.6,1202
153,01:22.6,1169
153,01:23.6,1132
153,01:24.6,1115
153,01:25.6,1121
153,01:26.6,1110
153,01:27.6,1107
153,01:28.6,1087
153,01:29.6,1074
153,01:30.6,1065
153,01:31.6,1054
153,01:32.6,1044
153,01:33.6,1028
153,01:34.6,1015
153,01:35.6,1005
153,01:36.6,1004
153,01:37.6,996
153,01:38.6,986
153,01:39.6,974
153,01:40.6,973
153,01:41.6,975
153,01:42.6,969
153,01:43.6,968
153,01:44.6,962
153,01:45.6,964
153,01:46.6,978
153,01:47.6,974
153,01:48.6,990
153,01:49.6,986
153,01:50.6,984
153,01:51.6,985
153,01:52.6,986
153,01:53.6,988
153,01:54.6,989
153,01:55.6,989
153,01:56.6,991
153,01:57.6,996
153,01:58.6,1002
153,01:59.6,997
153,02:00.6,1000
153,02:01.6,1000
153,02:02.6,1157
153,02:03.6,986
153,02:04.6,1100
153,02:05.6,1269
153,02:06.6,1072
153,02:07.6,981
153,02:08.6,992
153,02:09.6,1538
153,02:10.6,1216
153,02:11.6,1032
153,02:12.6,1023
153,02:13.6,1019
153,02:14.6,1014
153,02:15.6,1023
153,02:16.6,1038
153,02:17.6,1060
153,02:18.6,1089
153,02:19.6,1099
153,02:20.6,1118
153,02:21.6,1144
153,02:22.6,1161
153,02:23.6,1143
153,02:24.6,1195
153,02:25.6,1155
153,02:26.6,1112
153,02:27.6,1066
153,02:28.6,1012
153,02:29.6,1007
153,02:30.6,1003
153,02:31.6,1000
153,02:32.6,997
153,02:33.7,990
153,02:34.6,981
153,02:35.6,971
153,02:36.6,971
153,02:37.6,968
153,02:38.6,966
153,02:39.6,963
153,02:40.6,972
153,02:41.6,981
153,02:42.6,971
153,02:43.6,969
153,02:44.6,965
153,02:45.6,962
153,02:46.6,957
153,02:47.6,965
153,02:48.6,985
153,02:49.6,1004
153,02:50.6,978
153,02:51.6,979
153,02:52.6,972
153,02:53.6,976
153,02:54.6,972
153,02:55.6,975
153,02:56.6,975
153,02:57.6,978
153,02:58.6,978
153,02:59.6,987
153,03:00.6,978
153,03:01.6,989
153,03:02.6,992
153,03:03.6,989
153,03:04.6,988
153,03:05.6,996
153,03:06.6,988
153,03:07.6,987
153,03:08.6,1283
153,03:09.6,989
153,03:10.6,1021
153,03:11.6,1327
153,03:12.6,1064
153,03:13.6,1384
153,03:14.6,1318
153,03:15.6,1233
153,03:16.6,1059
153,03:17.6,1015
153,03:18.6,1334
153,03:19.6,1574
153,03:20.6,1587
153,03:21.6,1544
153,03:22.6,1426
153,03:23.6,1313
153,03:24.6,1330
153,03:25.6,1399
153,03:26.6,1450
153,03:27.6,1475
153,03:28.6,1474
153,03:29.6,1468
153,03:30.6,1469
153,03:31.6,1464
153,03:32.6,1365
153,03:33.6,1130
153,03:34.6,1079
153,03:35.6,1067
153,03:36.6,1056
153,03:37.6,1050
153,03:38.6,1034
153,03:39.6,1020
153,03:40.6,1012
153,03:41.6,1004
153,03:42.6,1003
153,03:43.6,977
153,03:44.6,966
153,03:45.6,960
153,03:46.6,964
153,03:47.6,952
153,03:48.6,952
153,03:49.6,947
153,03:50.6,940
153,03:51.6,948
153,03:52.6,949
153,03:53.6,958
153,03:54.6,968
153,03:55.6,989
153,03:56.6,975
153,03:57.6,974
153,03:58.6,981
153,03:59.6,974
153,04:00.6,974
153,04:01.6,978
153,04:02.6,983
153,04:03.6,975
153,04:04.6,972
153,04:05.6,980
153,04:06.6,1003
153,04:07.6,1285
153,04:08.6,1246
153,04:09.6,1449
153,04:10.6,1599
153,04:11.6,1603
153,04:12.6,1494
153,04:13.6,1571
153,04:14.6,1552
153,04:15.6,1550
153,04:16.6,1502
153,04:17.6,1405
153,04:18.6,1250
153,04:19.6,1163
153,04:20.6,1148
153,04:21.6,1147
153,04:22.6,1142
153,04:23.6,1147
153,04:24.6,1148
153,04:25.6,1151
153,04:26.6,1150
153,04:27.6,1152
153,04:28.6,1149
153,04:29.6,1148
153,04:30.6,1133
153,04:31.6,1120
153,04:32.6,1115
153,04:33.6,1111
153,04:34.6,1108
153,04:35.6,1106
153,04:36.6,1097
153,04:37.6,1080
153,04:38.6,1075
153,04:39.6,1066
153,04:40.6,1060
153,04:41.6,1061
153,04:42.6,1052
153,04:43.6,1046
153,04:44.6,1027
153,04:45.6,1013
153,04:46.6,1007
153,04:47.6,1004
153,04:48.6,1001
153,04:49.6,994
153,04:50.6,989
153,04:51.6,984
153,04:52.6,977
153,04:53.6,978
153,04:54.6,974
153,04:55.6,970
153,04:56.6,968
153,04:57.6,966
153,04:58.6,967
153,04:59.6,980
153,05:00.6,977
153,05:01.6,989
153,05:02.6,987
153,05:03.6,992
153,05:04.6,991
153,05:05.6,992
153,05:06.6,989
153,05:07.6,990
153,05:08.6,988
153,05:09.6,987
153,05:10.6,985
153,05:11.6,983
153,05:12.6,1372
153,05:13.6,1498
153,05:14.6,1576
153,05:15.6,1601
153,05:16.6,1605
153,05:17.6,1604
153,05:18.6,1604
153,05:19.6,1604
153,05:20.6,1604
153,05:21.6,1605
153,05:22.6,1585
153,05:23.6,1542
153,05:24.6,1429
153,05:25.6,1356
153,05:26.6,1289
153,05:27.6,1246
153,05:28.6,1240
153,05:29.6,1237
153,05:30.6,1230
153,05:31.6,1227
153,05:32.6,1222
153,05:33.6,1222
153,05:34.6,1222
153,05:35.6,1224
153,05:36.6,1222
153,05:37.6,1220
153,05:38.6,1219
153,05:39.6,1217
153,05:40.6,1209
153,05:41.6,1115
153,05:42.6,1099
153,05:43.6,1089
153,05:44.6,1082
153,05:45.6,1075
153,05:46.6,1073
153,05:47.6,1067
153,05:48.6,1053
153,05:49.6,1043
153,05:50.6,1036
153,05:51.6,1028
153,05:52.6,1029
153,05:53.6,1028
153,05:54.6,1020
153,05:55.6,1019
153,05:56.6,1006
153,05:57.6,1002
153,05:58.6,1003
153,05:59.6,999
153,06:00.6,997
153,06:01.6,996
153,06:02.6,992
153,06:03.6,995
153,06:04.6,993
153,06:05.6,992
153,06:06.6,991
153,06:07.6,994
153,06:08.6,994
153,06:09.6,999
153,06:10.6,1002
153,06:11.6,1001
153,06:12.6,1001
153,06:13.6,1001
153,06:14.6,1000
153,06:15.6,1000
153,06:16.6,998
153,06:17.6,998
153,06:18.6,1000
153,06:19.6,997
153,06:20.6,997
153,06:21.6,999
153,06:22.6,1000
153,06:23.6,998
153,06:24.6,1004
153,06:25.6,1383
153,06:26.6,1519
153,06:27.6,1593
153,06:28.6,1434
153,06:29.6,1328
153,06:30.6,1600
153,06:31.6,1602
153,06:32.6,1594
153,06:33.6,1600
153,06:34.6,1602
153,06:35.6,1602
153,06:36.6,1561
153,06:37.6,1552
153,06:38.6,1540
153,06:39.6,1531
153,06:40.6,1513
153,06:41.6,1482
153,06:42.6,1451
153,06:43.6,1412
153,06:44.6,1376
153,06:45.6,1182
153,06:46.6,1118
153,06:47.6,1106
153,06:48.6,1099
153,06:49.6,1093
153,06:50.6,1081
153,06:51.6,1075
153,06:52.6,1060
153,06:53.6,1048
153,06:54.6,1036
153,06:55.8,1023
153,06:56.6,1018
153,06:57.6,1004
153,06:58.6,997
153,06:59.6,993
153,07:00.6,984
153,07:01.6,978
153,07:02.6,972
153,07:03.6,973
153,07:04.6,990
153,07:05.6,990
153,07:06.6,993
153,07:07.6,999
153,07:08.6,993
153,07:09.6,992
153,07:10.6,989
153,07:11.6,990
153,07:12.6,990
153,07:13.6,1047
153,07:14.6,1033
153,07:15.6,1042
153,07:16.6,1050
153,07:17.6,1043
153,07:18.6,1044
153,07:19.6,1043
153,07:20.6,1042
153,07:21.6,1048
153,07:22.6,1043
153,07:23.6,1047
153,07:24.6,1045
153,07:25.6,1042
153,07:26.6,1041
153,07:27.6,1041
153,07:28.6,1041
153,07:29.6,1038
153,07:30.6,1037
153,07:31.6,1035
153,07:32.6,1353
153,07:33.6,1290
153,07:34.6,1060
153,07:35.6,1441
153,07:36.6,1273
153,07:37.6,1280
153,07:38.6,1269
153,07:39.6,1148
153,07:40.6,1091
153,07:41.6,1121
153,07:42.6,1143
153,07:43.6,1167
153,07:44.6,1185
153,07:45.6,1203
153,07:46.6,1220
153,07:47.6,1229
153,07:48.6,1228
153,07:49.6,1199
153,07:50.6,1046
153,07:51.6,1040
153,07:52.6,1036
153,07:53.6,1029
153,07:54.6,1026
153,07:55.6,1020
153,07:56.6,1011
153,07:57.6,1010
153,07:58.6,1004
153,07:59.6,997
153,08:00.6,988
153,08:01.6,1012
153,08:02.6,1002
153,08:03.6,996
153,08:04.6,1231
153,08:05.6,1131
153,08:06.6,1095
153,08:07.6,1117
153,08:08.6,1038
153,08:09.6,1039
153,08:10.6,1014
153,08:11.6,1005
153,08:12.6,1003
153,08:13.6,999
153,08:14.6,998
153,08:15.6,996
153,08:16.6,995
153,08:17.6,993
153,08:18.6,995
153,08:19.6,998
153,08:20.6,1000
153,08:21.6,1000
153,08:22.6,1048
153,08:23.6,1450
153,08:24.6,1373
153,08:25.6,1590
153,08:26.6,1460
153,08:27.6,1391
153,08:28.6,1322
153,08:29.6,1257
153,08:30.6,1210
153,08:31.6,1203
153,08:32.6,1199
153,08:33.6,1179
153,08:34.6,1155
153,08:35.6,1144
153,08:36.6,1140
153,08:37.6,1138
153,08:38.6,1136
153,08:39.6,1133
153,08:40.6,1330
153,08:41.6,1474
153,08:42.6,1198
153,08:43.6,1112
153,08:44.6,1109
153,08:45.6,1105
153,08:46.6,1102
153,08:47.6,1101
153,08:48.6,1111
153,08:49.6,1092
153,08:50.6,1092
153,08:51.6,1089
153,08:52.6,1086
153,08:53.6,1083
153,08:54.6,1074
153,08:55.6,1067
153,08:56.6,1063
153,08:57.6,1060
153,08:58.6,1056
153,08:59.6,1046
153,09:00.6,1039
153,09:01.6,1036
153,09:02.6,1046
153,09:03.6,1033
153,09:04.6,1025
153,09:05.6,1024
153,09:06.6,1010
153,09:07.6,1004
153,09:08.6,993
153,09:09.6,989
153,09:10.6,987
153,09:11.6,985
153,09:12.6,979
153,09:13.6,980
153,09:14.6,984
153,09:15.6,987
153,09:16.6,983
153,09:17.7,981
153,09:18.6,985
153,09:19.6,985
153,09:20.6,983
153,09:21.6,992
153,09:22.6,995
153,09:23.6,992
153,09:24.6,996
153,09:25.6,996
153,09:26.6,1003
153,09:27.6,997
153,09:28.6,1401
153,09:29.6,1287
153,09:30.6,980
153,09:31.6,1029
153,09:32.6,1531
153,09:33.6,1552
153,09:34.6,1594
153,09:35.6,1601
153,09:36.6,1604
153,09:37.6,1603
153,09:38.6,1605
153,09:39.6,1594
153,09:40.6,1589
153,09:41.6,1584
153,09:42.6,1376
153,09:43.6,1208
153,09:44.6,1142
153,09:45.6,1213
153,09:46.6,1224
153,09:47.6,1284
153,09:48.6,1296
153,09:49.6,1305
153,09:50.6,1302
153,09:51.6,1300
153,09:52.6,1293
153,09:53.6,1286
153,09:54.6,1288
153,09:55.6,1288
153,09:56.6,1281
153,09:57.6,1276
153,09:58.6,1223
153,09:59.6,1108
153,10:00.6,1105
153,10:01.6,1095
153,10:02.6,1084
153,10:03.6,1082
153,10:04.6,1071
153,10:05.6,1060
153,10:06.6,1054
153,10:07.6,1044
153,10:08.6,1035
153,10:09.6,1029
153,10:10.6,1021
153,10:11.6,1016
153,10:12.6,1010
153,10:13.6,1006
153,10:14.6,1003
153,10:15.6,1006
153,10:16.6,1006
153,10:17.6,1003
153,10:18.6,1002
153,10:19.6,996
153,10:20.6,997
153,10:21.6,994
153,10:22.6,993
153,10:23.6,994
153,10:24.6,994
153,10:25.6,993
153,10:26.6,994
153,10:27.6,997
153,10:28.6,997
153,10:29.6,999
153,10:30.6,1001
153,10:31.6,1001
153,10:32.6,1002
153,10:33.6,1002
153,10:34.6,1001
153,10:35.6,1000
153,10:36.6,1003
153,10:37.6,1002
153,10:38.6,1000
153,10:39.6,1488
153,10:40.6,1463
153,10:41.6,1518
153,10:42.6,1600
153,10:43.6,1604
153,10:44.6,1604
153,10:45.6,1605
153,10:46.6,1564
153,10:47.6,1422
153,10:48.6,1321
153,10:49.6,1275
153,10:50.6,1279
153,10:51.6,1278
153,10:52.6,1234
153,10:53.6,1099
153,10:54.6,1089
153,10:55.6,1085
153,10:56.6,1084
153,10:57.6,1082
153,10:58.6,1079
153,10:59.6,1076
153,11:00.6,1075
153,11:01.6,1072
153,11:02.6,1068
153,11:03.6,1059
153,11:04.6,1052
153,11:05.6,1049
153,11:06.6,1047
153,11:07.6,1041
153,11:08.6,1034
153,11:09.6,1034
153,11:10.6,1030
153,11:11.6,1014
153,11:12.6,1007
153,11:13.6,1009
153,11:14.6,1006
153,11:15.6,997
153,11:16.6,1001
153,11:17.6,993
153,11:18.6,991
153,11:19.6,983
153,11:20.6,976
153,11:21.6,975
153,11:22.6,973
153,11:23.6,968
153,11:24.6,972
153,11:25.6,980
153,11:26.6,990
153,11:27.6,996
153,11:28.6,996
153,11:29.6,994
153,11:30.6,988
153,11:31.6,986
153,11:32.6,985
153,11:33.6,984
153,11:34.6,994
153,11:35.6,993
153,11:36.6,991
153,11:37.6,1017
153,11:38.6,1015
153,11:39.6,1011
153,11:40.6,1523
153,11:41.6,1143
153,11:42.6,1009
153,11:43.6,1028
153,11:44.6,1510
153,11:45.6,1284
153,11:46.6,1143
153,11:47.6,1067
153,11:48.6,1038
153,11:49.6,1046
153,11:50.6,1052
153,11:51.6,1045
153,11:52.6,1039
153,11:53.6,1036
153,11:54.6,1044
153,11:55.6,1053
153,11:56.6,1061
153,11:57.6,1068
153,11:58.6,1063
153,11:59.6,1061
153,12:00.6,1065
153,12:01.6,1075
153,12:02.6,1059
153,12:03.6,1041
153,12:04.6,1014
153,12:05.6,1004
153,12:06.6,1000
153,12:07.6,995
153,12:08.6,990
153,12:09.6,987
153,12:10.6,981
153,12:11.6,976
153,12:12.6,974
153,12:13.6,973
153,12:14.6,967
153,12:15.6,962
153,12:16.6,962
153,12:17.6,954
153,12:18.6,952
153,12:19.6,973
153,12:20.6,1009
153,12:21.6,986
153,12:22.6,974
153,12:23.6,971
153,12:24.6,974
153,12:25.6,976
153,12:26.6,974
153,12:27.6,976
153,12:28.6,981
153,12:29.6,976
153,12:30.6,979
153,12:31.6,977
153,12:32.6,988
153,12:33.6,973
153,12:34.6,983
153,12:35.6,974
153,12:36.6,1272
153,12:37.6,1308
153,12:38.6,1599
153,12:39.6,1604
153,12:40.6,1605
153,12:41.6,1605
153,12:42.6,1604
153,12:43.6,1606
153,12:44.6,1605
153,12:45.6,1604
153,12:46.6,1606
153,12:47.6,1605
153,12:48.6,1605
153,12:49.6,1605
153,12:50.6,1586
153,12:51.6,1575
153,12:52.6,1452
153,12:53.6,1285
153,12:54.6,1196
153,12:55.6,1163
153,12:56.6,1150
153,12:57.6,1146
153,12:58.6,1144
153,12:59.6,1139
153,13:00.6,1136
153,13:01.6,1134
153,13:02.6,1129
153,13:03.6,1126
153,13:04.6,1123
153,13:05.6,1119
153,13:06.6,1116
153,13:07.6,1113
153,13:08.6,1109
153,13:09.6,1107
153,13:10.6,1107
153,13:11.6,1096
153,13:12.6,1081
153,13:13.6,1071
153,13:14.6,1063
153,13:15.6,1059
153,13:16.6,1052
153,13:17.6,1042
153,13:18.6,1030
153,13:19.6,1021
153,13:20.6,1026
153,13:21.6,1017
153,13:22.6,1007
153,13:23.6,997
153,13:24.6,1007
153,13:25.6,1038
153,13:26.6,1039
153,13:27.6,998
153,13:28.6,1018
153,13:29.6,1013
153,13:30.6,1038
153,13:31.6,1031
153,13:32.6,1036
153,13:33.6,1034
153,13:34.6,1028
153,13:35.6,1019
153,13:36.6,1030
153,13:37.6,1026
153,13:38.6,1044
153,13:39.6,1030
153,13:40.6,1181
153,13:41.6,1356
153,13:42.6,1581
153,13:43.6,1601
153,13:44.6,1605
153,13:45.6,1603
153,13:46.6,1603
153,13:47.6,1603
153,13:48.6,1603
153,13:49.6,1603
153,13:50.6,1603
153,13:51.6,1604
153,13:52.6,1603
153,13:53.6,1603
153,13:54.6,1575
153,13:55.6,1410
153,13:56.6,1301
153,13:57.6,1240
153,13:58.6,1199
153,13:59.6,1160
153,14:00.6,1079
153,14:01.6,1067
153,14:02.6,1065
153,14:03.6,1067
153,14:04.6,1068
153,14:05.6,1069
153,14:06.6,1072
153,14:07.6,1071
153,14:08.6,1071
153,14:09.6,1070
153,14:10.6,1071
153,14:11.6,1071
153,14:12.6,1072
153,14:13.6,1071
153,14:14.6,1070
153,14:15.6,1069
153,14:16.6,1059
153,14:17.6,1058
153,14:18.6,1054
153,14:19.6,1050
153,14:20.6,1042
153,14:21.6,1036
153,14:22.6,1031
153,14:23.6,1029
153,14:24.6,1027
153,14:25.6,1018
153,14:26.6,1013
153,14:27.6,1001
153,14:28.6,999
153,14:29.6,998
153,14:30.6,990
153,14:31.6,981
153,14:32.6,979
153,14:33.6,974
153,14:34.6,974
153,14:35.6,988
153,14:36.6,967
153,14:37.6,963
153,14:38.6,964
153,14:39.6,966
153,14:40.6,973
153,14:41.6,972
153,14:42.6,963
153,14:43.6,964
153,14:44.6,968
153,14:45.6,971
153,14:46.6,974
153,14:47.6,975
153,14:48.6,974
153,14:49.6,974
153,14:50.6,973
153,14:51.6,973
153,14:52.6,976
153,14:53.6,975
153,14:54.6,974
153,14:55.6,976
153,14:56.6,978
153,14:57.6,980
153,14:58.6,1239
153,14:59.6,1443
153,15:00.6,1253
153,15:01.6,1345
153,15:02.6,1599
153,15:03.6,1604
153,15:04.6,1532
153,15:05.6,1514
153,15:06.8,1440
153,15:07.6,1485
153,15:08.6,1539
153,15:09.6,1432
153,15:10.6,1235
153,15:11.6,1143
153,15:12.6,1133
153,15:13.6,1128
153,15:14.6,1127
153,15:15.6,1125
153,15:16.6,1123
153,15:17.6,1122
153,15:18.6,1120
153,15:19.6,1116
153,15:20.6,1105
153,15:21.6,1092
153,15:22.6,1086
153,15:23.6,1080
153,15:24.6,1073
153,15:25.6,1068
153,15:26.6,1056
153,15:27.6,1055
153,15:28.6,1047
153,15:29.6,1043
153,15:30.6,1028
153,15:31.6,1016
153,15:32.6,1005
153,15:33.6,997
153,15:34.6,991
153,15:35.6,1030
153,15:36.6,997
153,15:37.6,1015
153,15:38.6,1020
153,15:39.6,1028
153,15:40.6,1018
153,15:41.6,1015
153,15:42.6,1022
153,15:43.6,1018
153,15:44.6,1036
153,15:45.6,1020
153,15:46.6,1061
153,15:47.6,1028
153,15:48.6,1035
153,15:49.6,1040
153,15:50.6,1023
153,15:51.6,1050
153,15:52.6,1039
153,15:53.6,1221
153,15:54.6,1256
153,15:55.6,1143
153,15:56.6,994
153,15:57.6,1251
153,15:58.6,1547
153,15:59.6,1593
153,16:00.6,1604
153,16:01.6,1606
153,16:02.6,1604
153,16:03.6,1603
153,16:04.6,1604
153,16:05.6,1604
153,16:06.6,1603
153,16:07.6,1587
153,16:08.6,1544
153,16:09.6,1462
153,16:10.6,1458
153,16:11.6,1456
153,16:12.6,1460
153,16:13.6,1460
153,16:14.6,1457
153,16:15.6,1410
153,16:16.6,1357
153,16:17.6,1329
153,16:18.6,1296
153,16:19.6,1263
153,16:20.6,1231
153,16:21.6,1219
153,16:22.6,1212
153,16:23.6,1208
153,16:24.6,1200
153,16:25.6,1168
153,16:26.6,1155
153,16:27.6,1146
153,16:28.6,1139
153,16:29.6,1136
153,16:30.6,1117
153,16:31.6,1102
153,16:32.6,1089
153,16:33.6,1084
153,16:34.6,1080
153,16:35.6,1064
153,16:36.6,1043
153,16:37.9,1031
153,16:38.6,1027
153,16:39.6,1018
153,16:40.6,997
153,16:41.6,1026
153,16:42.6,994
153,16:43.6,1019
153,16:44.6,1022
153,16:45.6,1000
153,16:46.6,1020
153,16:47.6,1012
153,16:48.6,1015
153,16:49.6,1010
153,16:50.6,1012
153,16:51.6,1010
153,16:52.6,1013
153,16:53.6,1018
153,16:54.6,1010
153,16:55.6,1013
153,16:56.6,1008
153,16:57.6,1013
153,16:58.6,1014
153,16:59.6,1017
153,17:00.6,1015
153,17:01.6,1021
153,17:02.6,1344
153,17:03.6,1356
153,17:04.6,1444
153,17:05.6,1599
153,17:06.6,1603
153,17:07.6,1604
153,17:08.6,1603
153,17:09.6,1603
153,17:10.6,1603
153,17:11.6,1604
153,17:12.6,1603
153,17:13.6,1583
153,17:14.6,1485
153,17:15.6,1490
153,17:16.6,1507
153,17:17.6,1498
153,17:18.6,1494
153,17:19.6,1485
153,17:20.6,1479
153,17:21.6,1473
153,17:22.6,1467
153,17:23.6,1463
153,17:24.6,1330
153,17:25.6,1191
153,17:26.6,1158
153,17:27.6,1152
153,17:28.6,1151
153,17:29.6,1134
153,17:30.6,1116
153,17:31.6,1109
153,17:32.6,1109
153,17:33.6,1102
153,17:34.6,1091
153,17:35.6,1080
153,17:36.6,1073
153,17:37.6,1062
153,17:38.6,1044
153,17:39.6,1033
153,17:40.6,1022
153,17:41.6,1009
153,17:42.7,1000
153,17:43.6,997
153,17:44.6,996
153,17:45.6,991
153,17:46.6,986
153,17:47.6,989
153,17:48.6,985
153,17:49.6,987
153,17:50.6,988
153,17:51.6,1005
153,17:52.6,1001
153,17:53.6,999
153,17:54.6,999
153,17:55.6,1012
153,17:56.6,1011
153,17:57.6,1002
153,17:58.6,999
153,17:59.6,1001
153,18:00.6,1019
153,18:01.6,1019
153,18:02.6,1024
153,18:03.6,1025
153,18:04.6,1032
153,18:05.6,1032
153,18:06.6,1032
153,18:07.6,1030
153,18:08.6,1028
153,18:09.6,1031
153,18:10.6,1193
153,18:11.6,1490
153,18:12.6,1449
153,18:13.6,1371
153,18:14.6,1600
153,18:15.6,1602
153,18:16.6,1603
153,18:17.6,1479
153,18:18.6,1415
153,18:19.6,1359
153,18:20.6,1375
153,18:21.6,1411
153,18:22.6,1449
153,18:23.6,1457
153,18:24.6,1314
153,18:25.6,1249
153,18:26.6,1214
153,18:27.6,1189
153,18:28.6,1135
153,18:29.6,1110
153,18:30.6,1106
153,18:31.6,1103
153,18:32.6,1101
153,18:33.6,1098
153,18:34.6,1087
153,18:35.6,1085
153,18:36.6,1078
153,18:37.6,1071
153,18:38.6,1064
153,18:39.6,1052
153,18:40.6,1042
153,18:41.6,1035
153,18:42.6,1027
153,18:43.6,1031
153,18:44.6,1011
153,18:45.6,1007
153,18:46.6,1002
153,18:47.6,999
153,18:48.6,989
153,18:49.6,985
153,18:50.6,985
153,18:51.6,983
153,18:52.6,987
153,18:53.6,1017
153,18:54.6,1038
153,18:55.6,1012
153,18:56.6,1013
153,18:57.6,1008
153,18:58.6,1032
153,18:59.6,1021
153,19:00.6,1023
153,19:01.6,1023
153,19:02.6,1030
153,19:03.6,1031
153,19:04.6,1032
153,19:05.6,1029
153,19:06.6,1027
153,19:07.6,1239
153,19:08.6,1088
153,19:09.6,1077
153,19:10.6,1191
153,19:11.6,1117
153,19:12.6,1017
153,19:13.6,1188
153,19:14.6,1553
153,19:15.6,1278
153,19:16.6,1204
153,19:17.6,1573
153,19:18.6,1556
153,19:19.6,1410
153,19:20.6,1298
153,19:21.6,1246
153,19:22.6,1218
153,19:23.6,1225
153,19:24.6,1251
153,19:25.6,1276
153,19:26.6,1300
153,19:27.6,1321
153,19:28.6,1310
153,19:29.6,1293
153,19:30.6,1269
153,19:31.6,1209
153,19:32.6,1121
153,19:33.6,1088
153,19:34.6,1250
153,19:35.6,1104
153,19:36.6,1087
153,19:37.6,1080
153,19:38.6,1069
153,19:39.6,1061
153,19:40.6,1055
153,19:41.6,1049
153,19:42.6,1038
153,19:43.6,1036
153,19:44.6,1030
153,19:45.6,1024
153,19:46.6,1022
153,19:47.6,1031
153,19:48.6,1029
153,19:49.9,1021
153,19:50.6,1020
153,19:51.6,1012
153,19:52.6,1006
153,19:53.8,1003
153,19:54.6,1008
153,19:55.6,1022
153,19:56.6,1056
153,19:57.6,1027
153,19:58.6,1028
153,19:59.6,1021
153,20:00.6,1038
153,20:01.6,1037
153,20:02.6,1049
153,20:03.6,1052
153,20:04.6,1032
153,20:05.6,1030
153,20:06.6,1027
153,20:07.6,1039
153,20:08.6,1037
153,20:09.6,1042
153,20:10.6,1026
153,20:11.6,1026
153,20:12.6,1028
153,20:13.6,1039
153,20:14.6,1055
153,20:15.6,1054
153,20:16.6,1053
153,20:17.6,1234
153,20:18.6,1051
153,20:19.6,1082
153,20:20.6,1152
153,20:21.8,1120
153,20:22.6,1347
153,20:23.6,1451
153,20:24.6,1403
153,20:25.6,1356
153,20:26.6,1488
153,20:27.6,1530
153,20:28.6,1539
153,20:29.6,1574
153,20:30.6,1577
153,20:31.6,1577
153,20:32.6,1431
153,20:33.6,1258
153,20:34.6,1194
153,20:35.6,1204
153,20:36.6,1193
153,20:37.6,1186
153,20:38.6,1197
153,20:39.6,1217
153,20:40.6,1226
153,20:41.6,1225
153,20:42.6,1130
153,20:43.6,1110
153,20:44.6,1100
153,20:45.6,1094
153,20:46.6,1085
153,20:47.6,1077
153,20:48.6,1063
153,20:49.8,1050
153,20:50.6,1037
153,20:51.6,1030
153,20:52.6,1028
153,20:53.6,1026
153,20:54.6,1011
153,20:55.6,1003
153,20:56.6,992
153,20:57.6,991
153,20:58.6,987
153,20:59.6,985
153,21:00.6,982
153,21:01.6,980
153,21:02.6,982
153,21:03.8,998
153,21:04.6,1002
153,21:05.6,999
153,21:06.6,996
153,21:07.6,995
153,21:08.6,996
153,21:09.6,1026
153,21:10.6,1006
153,21:11.6,1023
153,21:12.6,1023
153,21:13.6,1391
153,21:14.6,1525
153,21:15.6,1588
153,21:16.6,1602
153,21:17.6,1603
153,21:18.6,1603
153,21:19.6,1602
153,21:20.6,1604
153,21:21.6,1604
153,21:22.6,1603
153,21:23.6,1603
153,21:24.6,1603
153,21:25.6,1582
153,21:26.6,1521
153,21:27.6,1422
153,21:28.6,1412
153,21:29.6,1375
153,21:30.6,1339
153,21:31.6,1294
153,21:32.6,1243
153,21:33.6,1225
153,21:34.6,1224
153,21:35.6,1218
153,21:36.6,1214
153,21:37.6,1166
153,21:38.6,1158
153,21:39.6,1152
153,21:40.6,1150
153,21:41.6,1145
153,21:42.6,1140
153,21:43.6,1137
153,21:44.6,1134
153,21:45.6,1127
153,21:46.6,1125
153,21:47.6,1117
153,21:48.6,1106
153,21:49.6,1101
153,21:50.6,1101
153,21:51.6,1085
153,21:52.6,1074
153,21:53.6,1067
153,21:54.6,1055
153,21:55.6,1058
153,21:56.6,1059
153,21:57.6,1057
153,21:58.6,1045
153,21:59.6,1039
153,22:00.6,1029
153,22:01.6,1014
153,22:02.6,1007
153,22:03.6,998
153,22:04.6,992
153,22:05.6,987
153,22:06.6,981
153,22:07.6,981
153,22:08.6,980
153,22:09.6,982
153,22:10.6,982
153,22:11.6,980
153,22:12.6,1000
153,22:13.6,996
153,22:14.6,999
153,22:15.6,999
153,22:16.6,996
153,22:17.6,994
153,22:18.6,993
153,22:19.6,1283
153,22:20.6,1333
153,22:21.6,1596
153,22:22.6,1603
153,22:23.6,1604
153,22:24.6,1604
153,22:25.6,1605
153,22:26.6,1603
153,22:27.6,1604
153,22:28.6,1604
153,22:29.6,1603
153,22:30.6,1603
153,22:31.6,1604
153,22:32.6,1602
153,22:33.6,1580
153,22:34.6,1581
153,22:35.6,1573
153,22:36.6,1509
153,22:37.6,1480
153,22:38.6,1476
153,22:39.6,1468
153,22:40.6,1270
153,22:41.6,1095
153,22:42.6,1088
153,22:43.6,1089
153,22:44.6,1088
153,22:45.6,1086
153,22:46.6,1086
153,22:47.6,1084
153,22:48.6,1085
153,22:49.6,1083
153,22:50.6,1081
153,22:51.6,1075
153,22:52.6,1069
153,22:53.6,1066
153,22:54.6,1061
153,22:55.6,1063
153,22:56.6,1056
153,22:57.6,1049
153,22:58.6,1033
153,22:59.6,1029
153,23:00.6,1024
153,23:01.6,1012
153,23:02.6,1002
153,23:03.6,986
153,23:04.6,975
153,23:05.6,971
153,23:06.6,973
153,23:07.6,981
153,23:08.6,1055
153,23:09.6,1006
153,23:10.6,1007
153,23:11.6,992
153,23:12.6,997
153,23:13.6,1007
153,23:14.6,996
153,23:15.6,990
153,23:16.6,992
153,23:17.6,997
153,23:18.6,1015
153,23:19.6,1007
153,23:20.6,1013
153,23:21.6,1026
153,23:22.6,1020
153,23:23.6,1019
153,23:24.6,1015
153,23:25.6,1019
153,23:26.6,1161
153,23:27.6,1203
153,23:28.6,1268
153,23:29.6,1074
153,23:30.6,1536
153,23:31.6,1583
153,23:32.6,1601
153,23:33.6,1603
153,23:34.6,1603
153,23:35.6,1604
153,23:36.6,1584
153,23:37.6,1545
153,23:38.6,1494
153,23:39.6,1438
153,23:40.6,1378
153,23:41.6,1343
153,23:42.6,1369
153,23:43.6,1391
153,23:44.6,1405
153,23:45.6,1369
153,23:46.6,1330
153,23:47.6,1336
153,23:48.6,1341
153,23:49.6,1344
153,23:50.6,1294
153,23:51.6,1247
153,23:52.6,1208
153,23:53.6,1168
153,23:54.6,1151
153,23:55.6,1140
153,23:56.6,1123
153,23:57.6,1118
153,23:58.6,1107
153,23:59.6,1101
153,24:00.6,1099
153,24:01.6,1079
153,24:02.6,1074
153,24:03.6,1061
153,24:04.6,1052
153,24:05.6,1040
153,24:06.6,1030
153,24:07.6,1015
153,24:08.6,1003
153,24:09.6,994
153,24:10.6,1007
153,24:11.6,986
153,24:12.6,987
153,24:13.6,986
153,24:14.6,994
153,24:15.6,997
153,24:16.6,995
153,24:17.6,994
153,24:18.6,985
153,24:19.6,1007
153,24:20.6,1010
153,24:21.6,1009
153,24:22.6,1008
153,24:23.6,1005
153,24:24.6,1011
153,24:25.6,1127
153,24:26.6,1465
153,24:27.6,1318
153,24:28.6,1596
153,24:29.6,1601
153,24:30.6,1601
153,24:31.6,1601
153,24:32.6,1602
153,24:33.6,1602
153,24:34.6,1585
153,24:35.6,1503
153,24:36.6,1395
153,24:37.6,1335
153,24:38.6,1306
153,24:39.6,1273
153,24:40.6,1210
153,24:41.6,1156
153,24:42.6,1116
153,24:43.6,1102
153,24:44.6,1099
153,24:45.6,1096
153,24:46.6,1094
153,24:47.6,1088
153,24:48.6,1088
153,24:49.6,1089
153,24:50.6,1084
153,24:51.6,1082
153,24:52.6,1080
153,24:53.6,1080
153,24:54.6,1077
153,24:55.6,1075
153,24:56.6,1073
153,24:57.6,1072
153,24:58.6,1071
153,24:59.6,1061
153,25:00.6,1051
153,25:01.6,1049
153,25:02.6,1049
153,25:03.6,1163
153,25:04.6,1022
153,25:05.6,1021
153,25:06.6,1015
153,25:07.6,1010
153,25:08.6,1011
153,25:09.6,1012
153,25:10.6,1012
153,25:11.6,1004
153,25:12.6,1005
153,25:13.6,1075
153,25:14.6,1004
153,25:15.6,993
153,25:16.6,988
153,25:17.6,990
153,25:18.6,987
153,25:19.6,1007
153,25:20.6,979
153,25:21.6,994
153,25:22.6,992
153,25:23.6,986
153,25:24.6,985
153,25:25.6,982
153,25:26.6,980
153,25:27.6,986
153,25:28.6,981
153,25:29.6,982
153,25:30.6,1002
153,25:31.6,1219
153,25:32.6,1324
153,25:33.6,1376
153,25:34.6,1597
153,25:35.6,1603
153,25:36.6,1604
153,25:37.6,1605
153,25:38.6,1604
153,25:39.6,1604
153,25:40.6,1604
153,25:41.6,1593
153,25:42.6,1575
153,25:43.6,1513
153,25:44.6,1403
153,25:45.6,1316
153,25:46.6,1234
153,25:47.6,1185
153,25:48.6,1144
153,25:49.6,1127
153,25:50.6,1121
153,25:51.6,1119
153,25:52.6,1119
153,25:53.6,1116
153,25:54.6,1115
153,25:55.6,1112
153,25:56.6,1108
153,25:57.6,1090
153,25:58.6,1083
153,25:59.6,1079
153,26:00.6,1077
153,26:01.6,1073
153,26:02.6,1072
153,26:03.6,1073
153,26:04.6,1066
153,26:05.6,1059
153,26:06.6,1057
153,26:07.6,1052
153,26:08.6,1048
153,26:09.6,1041
153,26:10.6,1040
153,26:11.6,1040
153,26:12.6,1037
153,26:13.6,1030
153,26:14.6,1010
153,26:15.6,995
153,26:16.6,988
153,26:17.6,980
153,26:18.6,979
153,26:19.6,986
153,26:20.6,989
153,26:21.6,994
153,26:22.6,991
153,26:23.6,994
153,26:24.6,1003
153,26:25.6,982
153,26:26.6,984
153,26:27.6,992
153,26:28.6,994
153,26:29.6,995
153,26:30.6,996
153,26:31.6,1017
153,26:32.6,1005
153,26:33.6,1005
153,26:34.6,1003
153,26:35.6,1002
153,26:36.6,1002
153,26:37.6,1001
153,26:38.6,997
153,26:39.6,1089
153,26:40.6,1333
153,26:41.6,1437
153,26:42.6,1245
153,26:43.6,1565
153,26:44.6,1595
153,26:45.6,1601
153,26:46.6,1594
153,26:47.6,1601
153,26:48.6,1601
153,26:49.6,1599
153,26:50.6,1585
153,26:51.6,1563
153,26:52.6,1547
153,26:53.6,1538
153,26:54.6,1520
153,26:55.6,1516
153,26:56.6,1512
153,26:57.6,1511
153,26:58.6,1508
153,26:59.6,1504
153,27:00.6,1493
153,27:01.6,1487
153,27:02.6,1494
153,27:03.6,1494
153,27:04.6,1488
153,27:05.6,1452
153,27:06.6,1384
153,27:07.6,1337
153,27:08.6,1283
153,27:09.6,1194
153,27:10.6,1095
153,27:11.6,1084
153,27:12.6,1065
153,27:13.6,1055
153,27:14.6,1047
153,27:15.6,1044
153,27:16.6,1034
153,27:17.6,1012
153,27:18.6,991
153,27:19.6,990
153,27:20.6,985
153,27:21.6,979
153,27:22.6,972
153,27:23.6,968
153,27:24.6,957
153,27:25.6,952
153,27:26.6,954
153,27:27.6,950
153,27:28.6,945
153,27:29.6,951
153,27:30.6,950
153,27:31.6,946
153,27:32.6,942
153,27:33.6,937
153,27:34.6,936
153,27:35.6,966
153,27:36.6,957
153,27:37.6,957
153,27:38.6,957
153,27:39.6,965
153,27:40.6,957
153,27:41.6,1157
153,27:42.6,1171
153,27:43.6,1051
153,27:44.6,1219
153,27:45.6,1586
153,27:46.6,1602
153,27:47.6,1601
153,27:48.6,1601
153,27:49.6,1602
153,27:50.6,1603
153,27:51.6,1602
153,27:52.6,1597
153,27:53.6,1575
153,27:54.6,1558
153,27:55.6,1544
153,27:56.6,1502
153,27:57.6,1511
153,27:58.6,1517
153,27:59.6,1517
153,28:00.6,1517
153,28:01.7,1485
153,28:02.6,1296
153,28:03.6,1229
153,28:04.7,1208
153,28:05.6,1205
153,28:06.6,1190
153,28:07.6,1163
153,28:08.6,1150
153,28:09.6,1145
153,28:10.6,1144
153,28:11.6,1140
153,28:12.6,1122
153,28:13.6,1103
153,28:14.6,1090
153,28:15.6,1082
153,28:16.8,1073
153,28:17.6,1060
153,28:18.6,1044
153,28:19.6,1026
153,28:20.6,1011
153,28:21.6,985
153,28:22.6,976
153,28:23.6,965
153,28:24.6,1060
153,28:25.6,961
153,28:26.6,982
153,28:27.6,961
153,28:28.6,956
153,28:29.6,946
153,28:30.6,941
153,28:31.6,940
153,28:32.6,951
153,28:33.6,956
153,28:34.6,955
153,28:35.6,961
153,28:36.6,975
153,28:37.6,975
153,28:38.6,970
153,28:39.6,970
153,28:40.6,970
153,28:41.6,968
153,28:42.6,970
153,28:43.6,973
153,28:44.6,985
153,28:45.6,991
153,28:46.6,984
153,28:47.6,1312
153,28:48.6,1002
153,28:49.6,963
153,28:50.6,1216
153,28:51.6,1115
153,28:52.6,1268
153,28:53.6,948
153,28:54.6,1447
153,28:55.6,1579
153,28:56.6,1498
153,28:57.6,1310
153,28:58.6,1218
153,28:59.6,1205
153,29:00.6,1171
153,29:01.6,1110
153,29:02.6,1078
153,29:03.6,1091
153,29:04.6,1115
153,29:05.6,1143
153,29:06.6,1154
153,29:07.6,1102
153,29:08.6,1085
153,29:09.6,1083
153,29:10.6,1074
153,29:11.6,1069
153,29:12.6,1065
153,29:13.6,1060
153,29:14.6,1058
153,29:15.6,1056
153,29:16.6,1053
153,29:17.6,1039
153,29:18.6,1023
153,29:19.6,1014
153,29:20.6,1009
153,29:21.6,1005
153,29:22.6,1001
153,29:23.6,994
153,29:24.6,987
153,29:25.6,986
153,29:26.6,977
153,29:27.6,976
153,29:28.6,974
153,29:29.6,967
153,29:30.6,957
153,29:31.6,956
153,29:32.6,952
153,29:33.6,947
153,29:34.6,946
153,29:35.6,973
153,29:36.6,973
153,29:37.6,976
153,29:38.6,976
153,29:39.6,972
153,29:40.6,968
153,29:41.6,968
153,29:42.6,965
153,29:43.6,966
153,29:44.6,965
153,29:45.6,1006
153,29:46.6,975
153,29:47.6,972
153,29:48.6,980
153,29:49.6,977
153,29:50.6,984
153,29:51.6,1000
153,29:52.6,987
153,29:53.6,989
153,29:54.6,990
153,29:55.6,989
153,29:56.6,988
153,29:57.6,997
153,29:58.6,998
153,29:59.6,994
153,30:00.6,990
153,30:01.6,987
153,30:02.6,1449
153,30:03.6,1533
153,30:04.6,1090
153,30:05.6,988
153,30:06.6,1337
153,30:07.6,1580
153,30:08.6,1595
153,30:09.6,1601
153,30:10.6,1515
153,30:11.6,1186
153,30:12.6,1096
153,30:13.6,1113
153,30:14.6,1500
153,30:15.6,1591
153,30:16.6,1557
153,30:17.6,1556
153,30:18.6,1562
153,30:19.6,1563
153,30:20.6,1555
153,30:21.6,1401
153,30:22.6,1093
153,30:23.6,1033
153,30:24.6,1026
153,30:25.6,1021
153,30:26.6,1013
153,30:27.6,996
153,30:28.6,989
153,30:29.6,987
153,30:30.6,974
153,30:31.6,969
153,30:32.6,960
153,30:33.6,957
153,30:34.6,953
153,30:35.6,951
153,30:36.6,961
153,30:37.6,962
153,30:38.6,963
153,30:39.6,966
153,30:40.6,963
153,30:41.6,963
153,30:42.6,972
153,30:43.6,960
153,30:44.6,956
153,30:45.6,961
153,30:46.6,956
153,30:47.6,954
153,30:48.6,962
153,30:49.6,966
153,30:50.6,979
153,30:51.6,983
153,30:52.6,980
153,30:53.6,979
153,30:54.6,981
153,30:55.6,979
153,30:56.6,982
153,30:57.6,982
153,30:58.6,986
153,30:59.6,988
153,31:00.6,993
153,31:01.6,994
153,31:02.6,981
153,31:03.6,976
153,31:04.6,975
153,31:05.6,973
153,31:06.6,969
153,31:07.9,1417
153,31:08.6,1561
153,31:09.6,1417
153,31:10.6,1600
153,31:11.6,1600
153,31:12.6,1601
153,31:13.6,1602
153,31:14.6,1600
153,31:15.6,1537
153,31:16.6,1362
153,31:17.6,1355
153,31:18.6,1376
153,31:19.6,1368
153,31:20.6,1565
153,31:21.6,1579
153,31:22.6,1571
153,31:23.6,1516
153,31:24.6,1442
153,31:25.6,1520
153,31:26.6,1171
153,31:27.6,1133
153,31:28.6,1107
153,31:29.6,1096
153,31:30.6,1088
153,31:31.6,1076
153,31:32.6,1068
153,31:33.6,1059
153,31:34.6,1049
153,31:35.6,1039
153,31:36.6,1025
153,31:37.6,1019
153,31:38.6,1014
153,31:39.6,995
153,31:40.6,986
153,31:41.6,979
153,31:42.6,974
153,31:43.6,987
153,31:44.6,1009
153,31:45.6,1011
153,31:46.6,1011
153,31:47.6,1000
153,31:48.6,996
153,31:49.6,994
153,31:50.6,1005
153,31:51.6,1003
153,31:52.6,1017
153,31:53.6,1015
153,31:54.6,1019
153,31:55.6,1016
153,31:56.6,1014
153,31:57.6,1279
153,31:58.6,1086
153,31:59.6,1214
153,32:00.6,1426
153,32:01.6,1311
153,32:02.6,1422
153,32:03.6,1599
153,32:04.6,1602
153,32:05.6,1603
153,32:06.8,1603
153,32:07.6,1602
153,32:08.6,1572
153,32:09.6,1452
153,32:10.6,1298
153,32:11.6,1164
153,32:12.6,1106
153,32:13.6,1086
153,32:14.6,1070
153,32:15.6,1059
153,32:16.6,1069
153,32:17.6,1077
153,32:18.6,1079
153,32:19.6,1080
153,32:20.6,1080
153,32:21.6,1080
153,32:22.6,1079
153,32:23.6,1077
153,32:24.6,1077
153,32:25.6,1075
153,32:26.6,1074
153,32:27.6,1075
153,32:28.6,1072
153,32:29.6,1070
153,32:30.6,1039
153,32:31.6,1023
153,32:32.6,1000
153,32:33.6,994
153,32:34.6,987
153,32:35.6,981
153,32:36.6,969
153,32:37.6,961
153,32:38.6,952
153,32:39.6,950
153,32:40.6,944
153,32:41.6,950
153,32:42.6,951
153,32:43.6,948
153,32:44.6,948
153,32:45.6,974
153,32:46.6,960
153,32:47.6,954
153,32:48.6,951
153,32:49.6,960
153,32:50.6,971
153,32:51.6,959
153,32:52.6,963
153,32:53.6,960
153,32:54.6,957
153,32:55.6,977
153,32:56.6,966
153,32:57.6,965
153,32:58.6,965
153,32:59.6,963
153,33:00.6,1184
153,33:01.6,1335
153,33:02.6,1323
153,33:03.6,1590
153,33:04.6,1594
153,33:05.6,1602
153,33:06.6,1604
153,33:07.6,1605
153,33:08.6,1605
153,33:09.6,1604
153,33:10.6,1580
153,33:11.6,1532
153,33:12.6,1446
153,33:13.6,1348
153,33:14.6,1272
153,33:15.6,1202
153,33:16.6,1156
153,33:17.6,1112
153,33:18.6,1109
153,33:19.6,1106
153,33:20.6,1103
153,33:21.6,1100
153,33:22.6,1103
153,33:23.6,1104
153,33:24.6,1101
153,33:25.6,1098
153,33:26.6,1093
153,33:27.6,1091
153,33:28.6,1087
153,33:29.6,1085
153,33:30.6,1084
153,33:31.6,1080
153,33:32.6,1076
153,33:33.6,1074
153,33:34.6,1071
153,33:35.6,1060
153,33:36.6,1053
153,33:37.6,1045
153,33:38.6,1041
153,33:39.6,1035
153,33:40.6,1031
153,33:41.6,1028
153,33:42.6,1023
153,33:43.6,1016
153,33:44.6,1016
153,33:45.6,1008
153,33:46.6,1003
153,33:47.6,995
153,33:48.6,986
153,33:49.6,1178
153,33:50.6,1013
153,33:51.6,989
153,33:52.6,1389
153,33:53.6,1153
153,33:54.6,1085
153,33:55.6,1067
153,33:56.6,1058
153,33:57.6,1057
153,33:58.6,1057
153,33:59.6,1082
153,34:00.6,1069
153,34:01.6,1082
153,34:02.6,1093
153,34:03.6,1102
153,34:04.6,1086
153,34:05.6,1090
153,34:06.6,1085
153,34:07.9,1083
153,34:08.6,1101
153,34:09.6,1083
153,34:10.6,1071
153,34:11.6,1069
153,34:12.6,1064
153,34:13.6,1062
153,34:14.6,1064
153,34:15.6,1060
153,34:16.6,1055
153,34:17.6,1054
153,34:18.6,1059
153,34:19.6,1458
153,34:20.6,1031
153,34:21.6,1197
153,34:22.6,1395
153,34:23.6,1364
153,34:24.6,1301
153,34:25.6,1531
153,34:26.6,1580
153,34:27.6,1588
153,34:28.6,1500
153,34:29.6,1485
153,34:30.6,1527
153,34:31.6,1495
153,34:32.6,1316
153,34:33.6,1310
153,34:34.6,1575
153,34:35.6,1536
153,34:36.6,1552
153,34:37.6,1541
153,34:38.6,1498
153,34:39.6,1230
153,34:40.6,1151
153,34:41.6,1100
153,34:42.6,1085
153,34:43.6,1073
153,34:44.6,1066
153,34:45.6,1049
153,34:46.6,1038
153,34:47.6,1038
153,34:48.6,1032
153,34:49.6,1030
153,34:50.6,1035
153,34:51.6,1032
153,34:52.6,1020
153,34:53.6,1054
153,34:54.6,1049
153,34:55.6,1053
153,34:56.6,1050
153,34:57.6,1069
153,34:58.6,1068
153,34:59.6,1043
153,35:00.6,1046
153,35:01.6,1044
153,35:02.6,1044
153,35:03.6,1052
153,35:04.6,1048
153,35:05.6,1049
153,35:06.6,1047
153,35:07.6,1057
153,35:08.6,1057
153,35:09.6,1061
153,35:10.6,1055
153,35:11.6,1050
153,35:12.6,1050
153,35:13.6,1050
153,35:14.6,1082
153,35:15.6,1090
153,35:16.6,1084
153,35:17.6,1092
153,35:18.6,1093
153,35:19.6,1093
153,35:20.6,1091
153,35:21.6,1094
153,35:22.6,1094
153,35:23.6,1086
153,35:24.6,1081
153,35:25.6,1530
153,35:26.6,1497
153,35:27.6,1574
153,35:28.6,1441
153,35:29.6,1597
153,35:30.6,1601
153,35:31.6,1600
153,35:32.6,1603
153,35:33.6,1602
153,35:34.6,1601
153,35:35.6,1601
153,35:36.6,1601
153,35:37.6,1602
153,35:38.6,1603
153,35:39.6,1593
153,35:40.6,1591
153,35:41.6,1582
153,35:42.8,1576
153,35:43.6,1446
153,35:44.6,1112
153,35:45.6,1080
153,35:46.6,1082
153,35:47.6,1073
153,35:48.6,1058
153,35:49.6,1042
153,35:50.6,1029
153,35:51.6,1029
153,35:52.6,1029
153,35:53.6,1028
153,35:54.6,1021
153,35:55.6,1016
153,35:56.6,1009
153,35:57.6,1000
153,35:58.6,994
153,35:59.6,991
153,36:00.6,987
153,36:01.6,981
153,36:02.6,1019
153,36:03.6,993
153,36:04.6,999
153,36:05.6,994
153,36:06.6,1005
153,36:07.6,1004
153,36:08.6,1002
153,36:09.6,1000
153,36:10.6,1003
153,36:11.6,1005
153,36:12.6,1012
153,36:13.6,1023
153,36:14.6,1011
153,36:15.6,1027
153,36:16.6,1026
153,36:17.6,1025
153,36:18.6,1023
153,36:19.6,1024
153,36:20.6,1027
153,36:21.6,1210
153,36:22.6,1154
153,36:23.6,1281
153,36:24.6,1576
153,36:25.6,1598
153,36:26.6,1603
153,36:27.6,1602
153,36:28.6,1595
153,36:29.6,1528
153,36:30.6,1435
153,36:31.6,1334
153,36:32.6,1249
153,36:33.6,1211
153,36:34.6,1238
153,36:35.6,1261
153,36:36.6,1279
153,36:37.6,1292
153,36:38.6,1268
153,36:39.6,1245
153,36:40.6,1218
153,36:41.6,1173
153,36:42.6,1141
153,36:43.6,1131
153,36:44.6,1128
153,36:45.6,1126
153,36:46.6,1124
153,36:47.6,1111
153,36:48.6,1087
153,36:49.6,1085
153,36:50.6,1076
153,36:51.6,1072
153,36:52.6,1066
153,36:53.6,1056
153,36:54.6,1051
153,36:55.6,1048
153,36:56.6,1044
153,36:57.6,1039
153,36:58.6,1035
153,36:59.6,1031
153,37:00.6,1020
153,37:01.6,1014
153,37:02.6,1008
153,37:03.6,1004
153,37:04.6,997
153,37:05.6,994
153,37:06.6,993
153,37:07.6,990
153,37:08.6,992
153,37:09.6,988
153,37:10.6,984
153,37:11.6,982
153,37:12.6,981
153,37:13.6,979
153,37:14.6,981
153,37:15.6,1039
153,37:16.6,1062
153,37:17.6,1467
153,37:18.6,1586
153,37:19.6,1603
153,37:20.6,1604
153,37:21.6,1604
153,37:22.6,1605
153,37:23.6,1604
153,37:24.6,1603
153,37:25.6,1605
153,37:26.6,1603
153,37:27.6,1602
153,37:28.6,1597
153,37:29.6,1572
153,37:30.6,1573
153,37:31.6,1554
153,37:32.6,1513
153,37:33.6,1476
153,37:34.6,1492
153,37:35.6,1500
153,37:36.6,1495
153,37:37.6,1427
153,37:38.6,1419
153,37:39.6,1414
153,37:40.6,1409
153,37:41.6,1322
153,37:42.6,1238
153,37:43.6,1220
153,37:44.6,1230
153,37:45.6,1230
153,37:46.6,1228
153,37:47.6,1228
153,37:48.6,1231
153,37:49.6,1213
153,37:50.6,1189
153,37:51.6,1182
153,37:52.6,1162
153,37:53.6,1147
153,37:54.6,1140
153,37:55.6,1133
153,37:56.6,1123
153,37:57.6,1104
153,37:58.6,1088
153,37:59.6,1070
153,38:00.6,1054
153,38:01.6,1038
153,38:02.6,1028
153,38:03.6,1017
153,38:04.6,1008
153,38:05.6,999
153,38:06.6,994
153,38:07.6,990
153,38:08.6,995
153,38:09.6,991
153,38:10.6,988
153,38:11.6,986
153,38:12.6,988
153,38:13.6,1000
153,38:14.6,989
153,38:15.6,990
153,38:16.6,991
153,38:17.6,989
153,38:18.6,986
153,38:19.6,986
153,38:20.6,988
153,38:21.6,988
153,38:22.6,990
153,38:23.6,991
153,38:24.6,991
153,38:25.6,992
153,38:26.6,994
153,38:27.6,999
153,38:28.6,1001
153,38:29.6,1001
153,38:30.6,1001
153,38:31.6,1000
153,38:32.6,1002
153,38:33.6,999
153,38:34.6,1004
153,38:35.6,1002
153,38:36.6,1010
153,38:37.6,1009
153,38:38.6,1417
153,38:39.6,1546
153,38:40.6,1587
153,38:41.6,1599
153,38:42.6,1602
153,38:43.6,1602
153,38:44.6,1602
153,38:45.6,1603
153,38:46.6,1603
153,38:47.6,1603
153,38:48.6,1602
153,38:49.6,1602
153,38:50.6,1602
153,38:51.6,1601
153,38:52.6,1602
153,38:53.6,1597
153,38:54.6,1588
153,38:55.6,1449
153,38:56.6,1284
153,38:57.6,1097
153,38:58.6,1097
153,38:59.6,1098
153,39:00.6,1096
153,39:01.6,1091
153,39:02.6,1090
153,39:03.6,1083
153,39:04.6,1078
153,39:05.6,1068
153,39:06.6,1043
153,39:07.6,1027
153,39:08.6,1022
153,39:09.6,1009
153,39:10.6,1000
153,39:11.6,995
153,39:12.6,990
153,39:13.6,986
153,39:14.6,984
153,39:15.6,987
153,39:16.6,983
153,39:17.6,986
153,39:18.6,978
153,39:19.6,971
153,39:20.6,968
153,39:21.6,967
153,39:22.6,964
153,39:23.6,965
153,39:24.6,967
153,39:25.6,973
153,39:26.6,972
153,39:27.6,975
153,39:28.6,977
153,39:29.6,979
153,39:30.6,982
153,39:31.6,984
153,39:32.6,986
153,39:33.6,982
153,39:34.6,984
153,39:35.6,991
153,39:36.6,1018
153,39:37.6,1000
153,39:38.6,995
153,39:39.6,1402
153,39:40.6,1384
153,39:41.6,1440
153,39:42.6,1599
153,39:43.6,1604
153,39:44.6,1605
153,39:45.6,1604
153,39:46.6,1603
153,39:47.6,1605
153,39:48.6,1603
153,39:49.6,1603
153,39:50.6,1589
153,39:51.6,1588
153,39:52.6,1591
153,39:53.6,1588
153,39:54.6,1587
153,39:55.6,1588
153,39:56.6,1587
153,39:57.6,1585
153,39:58.6,1584
153,39:59.6,1582
153,40:00.6,1579
153,40:01.6,1101
153,40:02.6,1082
153,40:03.6,1078
153,40:04.6,1072
153,40:05.6,1067
153,40:06.6,1060
153,40:07.6,1058
153,40:08.6,1044
153,40:09.6,1035
153,40:10.6,1023
153,40:11.6,1005
153,40:12.6,995
153,40:13.6,986
153,40:14.6,984
153,40:15.6,980
153,40:16.6,974
153,40:17.6,969
153,40:18.6,963
153,40:19.6,960
153,40:20.6,955
153,40:21.6,956
153,40:22.6,956
153,40:23.6,956
153,40:24.6,955
153,40:25.6,952
153,40:26.6,951
153,40:27.6,952
153,40:28.6,952
153,40:29.6,954
153,40:30.6,958
153,40:31.6,957
153,40:32.6,958
153,40:33.6,958
153,40:34.6,956
153,40:35.6,956
153,40:36.6,957
153,40:37.6,958
153,40:38.6,959
153,40:39.6,959
153,40:40.6,1178
153,40:41.6,1295
153,40:42.6,1566
153,40:43.6,1603
153,40:44.6,1376
153,40:45.6,1605
153,40:46.6,1604
153,40:47.6,1605
153,40:48.6,1605
153,40:49.6,1604
153,40:50.6,1565
153,40:51.6,1575
153,40:52.6,1581
153,40:53.6,1496
153,40:54.6,1218
153,40:55.6,1110
153,40:56.6,1105
153,40:57.6,1105
153,40:58.6,1103
153,40:59.6,1076
153,41:00.6,1073
153,41:01.6,1102
153,41:02.6,1108
153,41:03.6,1067
153,41:04.6,1064
153,41:05.6,1055
153,41:06.6,1047
153,41:07.6,1044
153,41:08.6,1037
153,41:09.6,1029
153,41:10.6,1023
153,41:11.6,1012
153,41:12.6,1006
153,41:13.6,998
153,41:14.6,990
153,41:15.6,977
153,41:16.6,973
153,41:17.6,966
153,41:18.6,961
153,41:19.6,958
153,41:20.6,954
153,41:21.6,951
153,41:22.6,944
153,41:23.6,938
153,41:24.6,932
153,41:25.6,933
153,41:26.6,936
153,41:27.6,933
153,41:28.6,930
153,41:29.6,929
153,41:30.6,926
153,41:31.6,926
153,41:32.6,929
153,41:33.6,940
153,41:34.6,939
153,41:35.6,938
153,41:36.6,937
153,41:37.6,937
153,41:38.6,1014
153,41:39.6,1228
153,41:40.6,1311
153,41:41.6,1447
153,41:42.6,1597
153,41:43.6,1604
153,41:44.6,1606
153,41:45.6,1605
153,41:46.6,1606
153,41:47.6,1605
153,41:48.6,1605
153,41:49.6,1605
153,41:50.6,1604
153,41:51.6,1563
153,41:52.6,1399
153,41:53.6,1293
153,41:54.6,1252
153,41:55.6,1246
153,41:56.6,1243
153,41:57.6,1240
153,41:58.6,1235
153,41:59.6,1230
153,42:00.6,1222
153,42:01.6,1198
153,42:02.6,1173
153,42:03.6,1137
153,42:04.6,1122
153,42:05.6,1119
153,42:06.6,1114
153,42:07.6,1111
153,42:08.6,1106
153,42:09.6,1104
153,42:10.6,1079
153,42:11.6,1060
153,42:12.6,1054
153,42:13.6,1049
153,42:14.6,1047
153,42:15.6,1036
153,42:16.6,1024
153,42:17.6,1010
153,42:18.6,1001
153,42:19.6,998
153,42:20.6,990
153,42:21.6,985
153,42:22.6,979
153,42:23.6,969
153,42:24.6,962
153,42:25.6,964
153,42:26.6,964
153,42:27.6,963
153,42:28.6,960
153,42:29.6,964
153,42:30.6,964
153,42:31.6,960
153,42:32.6,965
153,42:33.6,975
153,42:34.6,977
153,42:35.6,979
153,42:36.6,999
153,42:37.6,1007
153,42:38.6,991
153,42:39.6,986
153,42:40.6,984
153,42:41.6,983
153,42:42.6,987
153,42:43.6,982
153,42:44.6,1175
153,42:45.6,1182
153,42:46.6,1292
153,42:47.6,1598
153,42:48.6,1605
153,42:49.6,1604
153,42:50.6,1604
153,42:51.6,1603
153,42:52.6,1603
153,42:53.6,1603
153,42:54.6,1604
153,42:55.6,1605
153,42:56.6,1603
153,42:57.6,1602
153,42:58.6,1584
153,42:59.6,1534
153,43:00.6,1560
153,43:01.6,1569
153,43:02.6,1564
153,43:03.6,1406
153,43:04.6,1387
153,43:05.6,1364
153,43:06.6,1362
153,43:07.6,1334
153,43:08.6,1303
153,43:09.6,1293
153,43:10.6,1288
153,43:11.6,1285
153,43:12.6,1284
153,43:13.6,1277
153,43:14.6,1150
153,43:15.6,1129
153,43:16.6,1118
153,43:17.6,1106
153,43:18.6,1095
153,43:19.6,1080
153,43:20.6,1071
153,43:21.6,1059
153,43:22.6,1050
153,43:23.6,1037
153,43:24.6,1024
153,43:25.6,1014
153,43:26.6,999
153,43:27.6,991
153,43:28.6,991
153,43:29.6,983
153,43:30.6,973
153,43:31.6,965
153,43:32.6,970
153,43:33.6,975
153,43:34.6,975
153,43:35.6,974
153,43:36.6,974
153,43:37.6,977
153,43:38.6,972
153,43:39.6,972
153,43:40.6,974
153,43:41.6,978
153,43:42.6,1003
153,43:43.6,981
153,43:44.6,977
153,43:45.6,994
153,43:46.6,987
153,43:47.6,993
153,43:48.6,988
153,43:49.6,986
153,43:50.6,986
153,43:51.6,1001
153,43:52.6,997
153,43:53.6,992
153,43:54.6,1171
153,43:55.6,1311
153,43:56.6,1576
153,43:57.6,1599
153,43:58.6,1602
153,43:59.6,1603
153,44:00.6,1603
153,44:01.6,1603
153,44:02.6,1557
153,44:03.6,1526
153,44:04.6,1558
153,44:05.6,1569
153,44:06.6,1570
153,44:07.6,1566
153,44:08.6,1471
153,44:09.6,1421
153,44:10.6,1378
153,44:11.6,1317
153,44:12.6,1266
153,44:13.6,1240
153,44:14.6,1233
153,44:15.6,1224
153,44:16.6,1213
153,44:17.6,1192
153,44:18.6,1177
153,44:19.6,1154
153,44:20.6,1145
153,44:21.6,1133
153,44:22.6,1121
153,44:23.6,1104
153,44:24.6,1091
153,44:25.6,1070
153,44:26.6,1059
153,44:27.6,1051
153,44:28.6,1045
153,44:29.6,1035
153,44:30.6,1028
153,44:31.6,1017
153,44:32.6,1021
153,44:33.6,1014
153,44:34.6,1007
153,44:35.6,1001
153,44:36.6,997
153,44:37.6,990
153,44:38.6,984
153,44:39.6,991
153,44:40.6,995
153,44:41.6,986
153,44:42.6,985
153,44:43.6,989
153,44:44.6,988
153,44:45.6,986
153,44:46.6,988
153,44:47.6,990
153,44:48.6,990
153,44:49.6,992
153,44:50.6,1015
153,44:51.6,993
153,44:52.6,994
153,44:53.6,1149
153,44:54.6,1315
153,44:55.6,1155
153,44:56.6,1364
153,44:57.6,1274
153,44:58.6,1548
153,44:59.6,1278
153,45:00.6,1569
153,45:01.6,1597
153,45:02.6,1601
153,45:03.6,1602
153,45:04.6,1602
153,45:05.6,1589
153,45:06.6,1586
153,45:07.6,1571
153,45:08.6,1552
153,45:09.6,1559
153,45:10.6,1560
153,45:11.6,1482
153,45:12.6,1288
153,45:13.6,1207
153,45:14.6,1213
153,45:15.6,1217
153,45:16.6,1215
153,45:17.6,1214
153,45:18.6,1215
153,45:19.6,1216
153,45:20.6,1217
153,45:21.6,1211
153,45:22.6,1174
153,45:23.6,1126
153,45:24.6,1111
153,45:25.6,1102
153,45:26.6,1101
153,45:27.6,1090
153,45:28.6,1079
153,45:29.6,1062
153,45:30.6,1048
153,45:31.6,1041
153,45:32.6,1030
153,45:33.6,1020
153,45:34.6,1009
153,45:35.6,1005
153,45:36.6,994
153,45:37.6,991
153,45:38.6,990
153,45:39.6,987
153,45:40.6,994
153,45:41.6,1004
153,45:42.6,1001
153,45:43.6,1001
153,45:44.6,1006
153,45:45.6,1044
153,45:46.6,1011
153,45:47.6,1006
153,45:48.6,1004
153,45:49.6,1002
153,45:50.6,1000
153,45:51.6,1000
153,45:52.6,1001
153,45:53.6,1002
153,45:54.6,1003
153,45:55.6,1013
153,45:56.6,1004
153,45:57.6,1003
153,45:58.6,1004
153,45:59.6,1003
153,46:00.6,1000
153,46:01.6,997
153,46:02.6,1225
153,46:03.6,1361
153,46:04.6,1427
153,46:05.6,1538
153,46:06.6,1600
153,46:07.6,1603
153,46:08.6,1604
153,46:09.6,1603
153,46:10.6,1604
153,46:11.6,1605
153,46:12.6,1605
153,46:13.6,1604
153,46:14.6,1604
153,46:15.6,1603
153,46:16.6,1604
153,46:17.6,1596
153,46:18.6,1596
153,46:19.6,1596
153,46:20.6,1596
153,46:21.6,1593
153,46:22.6,1520
153,46:23.6,1498
153,46:24.6,1474
153,46:25.6,1437
153,46:26.6,1393
153,46:27.6,1125
153,46:28.6,1115
153,46:29.6,1109
153,46:30.6,1103
153,46:31.6,1107
153,46:32.6,1098
153,46:33.6,1082
153,46:34.6,1078
153,46:35.6,1076
153,46:36.6,1062
153,46:37.6,1056
153,46:38.6,1050
153,46:39.6,1037
153,46:40.6,1031
153,46:41.6,1017
153,46:42.6,1012
153,46:43.6,1010
153,46:44.6,1003
153,46:45.6,998
153,46:46.6,999
153,46:47.6,1011
153,46:48.6,1004
153,46:49.6,1005
153,46:50.6,1000
153,46:51.6,1001
153,46:52.6,1000
153,46:53.6,1006
153,46:54.6,1007
153,46:55.6,1007
153,46:56.6,1007
153,46:57.6,1008
153,46:58.6,1016
153,46:59.6,1018
153,47:00.6,1019
153,47:01.6,1019
153,47:02.6,1019
153,47:03.6,1021
153,47:04.6,1021
153,47:05.6,1021
153,47:06.6,1020
153,47:07.6,1021
153,47:08.6,1021
153,47:09.6,1019
153,47:10.6,1020
153,47:11.6,1018
153,47:12.6,1016
153,47:13.6,1082
153,47:14.6,1292
153,47:15.6,1230
153,47:16.6,1537
153,47:17.6,1403
153,47:18.6,1326
153,47:19.6,1347
153,47:20.6,1594
153,47:21.6,1601
153,47:22.6,1601
153,47:23.6,1602
153,47:24.6,1601
153,47:25.6,1601
153,47:26.6,1600
153,47:27.6,1602
153,47:28.6,1600
153,47:29.6,1597
153,47:30.6,1586
153,47:31.6,1564
153,47:32.6,1249
153,47:33.6,1152
153,47:34.6,1107
153,47:35.6,1102
153,47:36.6,1097
153,47:37.6,1085
153,47:38.6,1074
153,47:39.6,1061
153,47:40.6,1053
153,47:41.6,1048
153,47:42.6,1032
153,47:43.6,1028
153,47:44.6,1033
153,47:45.6,1026
153,47:46.6,1030
153,47:47.6,1056
153,47:48.6,1026
153,47:49.6,1059
153,47:50.6,1042
153,47:51.6,1080
153,47:52.6,1053
153,47:53.6,1049
153,47:54.6,1047
153,47:55.6,1047
153,47:56.6,1043
153,47:57.6,1043
153,47:58.6,1068
153,47:59.6,1047
153,48:00.6,1073
153,48:01.6,1056
153,48:02.6,1053
153,48:03.6,1057
153,48:04.6,1062
153,48:05.6,1064
153,48:06.6,1068
153,48:07.6,1072
153,48:08.6,1090
153,48:09.6,1078
153,48:10.6,1068
153,48:11.6,1072
153,48:12.6,1072
153,48:13.6,1073
153,48:14.6,1111
153,48:15.6,1297
153,48:16.6,1352
153,48:17.6,1582
153,48:18.6,1601
153,48:19.6,1604
153,48:20.6,1604
153,48:21.6,1604
153,48:22.6,1604
153,48:23.6,1603
153,48:24.6,1603
153,48:25.6,1515
153,48:26.6,1462
153,48:27.6,1499
153,48:28.6,1502
153,48:29.6,1477
153,48:30.6,1470
153,48:31.6,1466
153,48:32.6,1460
153,48:33.6,1454
153,48:34.6,1448
153,48:35.6,1435
153,48:36.6,1319
153,48:37.6,1189
153,48:38.6,1144
153,48:39.6,1133
153,48:40.6,1125
153,48:41.6,1115
153,48:42.6,1093
153,48:43.6,1069
153,48:44.6,1052
153,48:45.6,1043
153,48:46.6,1029
153,48:47.6,1016
153,48:48.6,1003
153,48:49.6,992
153,48:50.6,984
153,48:51.6,983
153,48:52.6,982
153,48:53.6,980
153,48:54.6,972
153,48:55.6,978
153,48:56.6,981
153,48:57.6,978
153,48:58.6,977
153,48:59.6,976
153,49:00.6,972
153,49:01.6,970
153,49:02.6,986
153,49:03.6,987
153,49:04.6,995
153,49:05.6,989
153,49:06.6,989
153,49:07.6,991
153,49:08.6,1004
153,49:09.6,992
153,49:10.6,995
153,49:11.6,995
153,49:12.6,1003
153,49:13.6,1001
153,49:14.6,1004
153,49:15.6,1008
153,49:16.6,1181
153,49:17.6,1360
153,49:18.6,1186
153,49:19.6,1442
153,49:20.6,1599
153,49:21.6,1603
153,49:22.6,1603
153,49:23.6,1600
153,49:24.6,1577
153,49:25.6,1583
153,49:26.6,1586
153,49:27.6,1586
153,49:28.6,1584
153,49:29.6,1583
153,49:30.6,1582
153,49:31.6,1576
153,49:32.6,1573
153,49:33.6,1564
153,49:34.6,1470
153,49:35.6,1394
153,49:36.6,1335
153,49:37.6,1314
153,49:38.6,1314
153,49:39.6,1274
153,49:40.6,1194
153,49:41.6,1178
153,49:42.6,1173
153,49:43.6,1169
153,49:44.6,1153
153,49:45.6,1144
153,49:46.6,1140
153,49:47.6,1120
153,49:48.6,1107
153,49:49.6,1096
153,49:50.6,1079
153,49:51.6,1054
153,49:52.6,1047
153,49:53.6,1039
153,49:54.6,1028
153,49:55.6,1025
153,49:56.6,1015
153,49:57.6,1009
153,49:58.6,1007
153,49:59.6,1004
153,50:00.6,1017
153,50:01.6,1004
153,50:02.6,1000
153,50:03.6,1000
153,50:04.6,998
153,50:05.6,993
153,50:06.6,991
153,50:07.6,987
153,50:08.6,988
153,50:09.6,988
153,50:10.6,985
153,50:11.6,985
153,50:12.6,985
153,50:13.6,987
153,50:14.6,987
153,50:15.6,985
153,50:16.6,986
153,50:17.6,984
153,50:18.6,983
153,50:19.6,1311
153,50:20.6,1310
153,50:21.6,1373
153,50:22.6,1354
153,50:23.6,1602
153,50:24.6,1558
153,50:25.6,1341
153,50:26.6,1225
153,50:27.6,1199
153,50:28.6,1126
153,50:29.6,1129
153,50:30.6,1154
153,50:31.6,1176
153,50:32.6,1193
153,50:33.7,1205
153,50:34.6,1190
153,50:35.6,1173
153,50:36.6,1180
153,50:37.6,1152
153,50:38.6,1126
153,50:39.6,1122
153,50:40.6,1120
153,50:41.6,1120
153,50:42.6,1118
153,50:43.6,1117
153,50:44.6,1114
153,50:45.6,1099
153,50:46.6,1089
153,50:47.6,1083
153,50:48.6,1079
153,50:49.6,1073
153,50:50.6,1062
153,50:51.6,1051
153,50:52.6,1036
153,50:53.6,1026
153,50:54.6,1019
153,50:55.6,1015
153,50:56.6,1006
153,50:57.6,1005
153,50:58.6,997
153,50:59.6,990
153,51:00.6,983
153,51:01.6,983
153,51:02.6,982
153,51:03.6,980
153,51:04.6,978
153,51:05.6,979
153,51:06.6,989
153,51:07.6,1000
153,51:08.6,1011
153,51:09.6,1006
153,51:10.6,1003
153,51:11.6,998
153,51:12.6,1008
153,51:13.6,1004
153,51:14.6,998
153,51:15.6,999
153,51:16.6,997
153,51:17.6,999
153,51:18.6,998
153,51:19.6,995
153,51:20.6,993
153,51:21.6,1068
153,51:22.6,1285
153,51:23.6,1389
153,51:24.6,1601
153,51:25.6,1604
153,51:26.6,1454
153,51:27.6,1555
153,51:28.6,1600
153,51:29.6,1601
153,51:30.6,1603
153,51:31.6,1601
153,51:32.6,1578
153,51:33.6,1562
153,51:34.6,1569
153,51:35.6,1570
153,51:36.6,1570
153,51:37.6,1501
153,51:38.6,1358
153,51:39.6,1303
153,51:40.6,1240
153,51:41.6,1163
153,51:42.6,1126
153,51:43.6,1117
153,51:44.6,1109
153,51:45.6,1106
153,51:46.6,1103
153,51:47.6,1097
153,51:48.6,1093
153,51:49.6,1076
153,51:50.6,1063
153,51:51.6,1057
153,51:52.6,1051
153,51:53.6,1038
153,51:54.6,1029
153,51:55.6,1020
153,51:56.6,1015
153,51:57.6,1007
153,51:58.6,1001
153,51:59.6,1007
153,52:00.6,991
153,52:01.6,984
153,52:02.6,982
153,52:03.6,978
153,52:04.6,975
153,52:05.6,969
153,52:06.6,982
153,52:07.6,973
153,52:08.6,971
153,52:09.6,970
153,52:10.6,999
153,52:11.6,988
153,52:12.6,991
153,52:13.6,982
153,52:14.6,983
153,52:15.6,1003
153,52:16.6,1009
153,52:17.6,1003
153,52:18.6,1019
153,52:19.6,1017
153,52:20.6,1025
153,52:21.6,1023
153,52:22.6,1023
153,52:23.6,1021
153,52:24.6,1021
153,52:25.6,1021
153,52:26.6,1021
153,52:27.6,1117
153,52:28.6,1156
153,52:29.6,1119
153,52:30.6,1150
153,52:31.6,1057
153,52:32.6,1011
153,52:33.6,1360
153,52:34.6,1062
153,52:35.6,1166
153,52:36.6,1560
153,52:37.6,1593
153,52:38.6,1602
153,52:39.6,1601
153,52:40.6,1598
153,52:41.6,1475
153,52:42.6,1348
153,52:43.6,1315
153,52:44.6,1350
153,52:45.6,1384
153,52:46.6,1356
153,52:47.6,1309
153,52:48.6,1262
153,52:49.6,1371
153,52:50.6,1313
153,52:51.6,1285
153,52:52.6,1261
153,52:53.6,1188
153,52:54.6,1132
153,52:55.6,1126
153,52:56.6,1132
153,52:57.6,1117
153,52:58.6,1104
153,52:59.6,1108
153,53:00.6,1080
153,53:01.6,1073
153,53:02.6,1071
153,53:03.6,1062
153,53:04.6,1058
153,53:05.6,1043
153,53:06.6,1036
153,53:07.6,1033
153,53:08.6,1024
153,53:09.6,1011
153,53:10.6,1012
153,53:11.6,1014
153,53:12.6,1005
153,53:13.6,1018
153,53:14.6,1042
153,53:15.6,1033
153,53:16.6,1029
153,53:17.6,1025
153,53:18.6,1030
153,53:19.6,1075
153,53:20.6,1048
153,53:21.6,1058
153,53:22.6,1052
153,53:23.6,1067
153,53:24.6,1054
153,53:25.6,1053
153,53:26.6,1061
153,53:27.6,1072
153,53:28.6,1065
153,53:29.6,1077
153,53:30.6,1122
153,53:31.6,1375
153,53:32.6,1270
153,53:33.6,1106
153,53:34.6,1124
153,53:35.6,1580
153,53:36.6,1602
153,53:37.6,1604
153,53:38.6,1570
153,53:39.6,1593
153,53:40.6,1530
153,53:41.6,1485
153,53:42.6,1487
153,53:43.6,1527
153,53:44.6,1554
153,53:45.6,1562
153,53:46.6,1404
153,53:47.6,1259
153,53:48.6,1206
153,53:49.6,1176
153,53:50.6,1149
153,53:51.6,1109
153,53:52.6,1103
153,53:53.6,1101
153,53:54.6,1101
153,53:55.6,1099
153,53:56.6,1096
153,53:57.6,1095
153,53:58.6,1080
153,53:59.6,1072
153,54:00.6,1066
153,54:01.6,1061
153,54:02.6,1058
153,54:03.6,1052
153,54:04.6,1049
153,54:05.6,1039
153,54:06.6,1040
153,54:07.6,1037
153,54:08.6,1039
153,54:09.6,1038
153,54:10.6,1041
153,54:11.6,1014
153,54:12.6,1009
153,54:13.6,1005
153,54:14.6,1003
153,54:15.6,1007
153,54:16.6,1005
153,54:17.6,1006
153,54:18.6,1005
153,54:19.6,1019
153,54:20.6,1012
153,54:21.6,1074
153,54:22.6,1047
153,54:23.6,1042
153,54:24.6,1031
153,54:25.6,1028
153,54:26.6,1029
153,54:27.6,1031
153,54:28.6,1029
153,54:29.6,1036
153,54:30.6,1036
153,54:31.6,1037
153,54:32.6,1032
153,54:33.6,1038
153,54:34.6,1046
153,54:35.6,1040
153,54:36.6,1378
153,54:37.6,1506
153,54:38.6,1539
153,54:39.6,1600
153,54:40.6,1603
153,54:41.6,1605
153,54:42.6,1605
153,54:43.6,1583
153,54:44.6,1557
153,54:45.6,1558
153,54:46.6,1571
153,54:47.6,1575
153,54:48.6,1575
153,54:49.6,1416
153,54:50.6,1217
153,54:51.6,1183
153,54:52.6,1157
153,54:53.6,1156
153,54:54.6,1154
153,54:55.6,1141
153,54:56.6,1130
153,54:57.6,1126
153,54:58.6,1122
153,54:59.6,1119
153,55:00.6,1116
153,55:01.6,1113
153,55:02.6,1100
153,55:03.6,1092
153,55:04.6,1090
153,55:05.6,1088
153,55:06.6,1079
153,55:07.6,1071
153,55:08.6,1065
153,55:09.6,1065
153,55:10.6,1058
153,55:11.6,1052
153,55:12.6,1042
153,55:13.6,1033
153,55:14.6,1018
153,55:15.6,1006
153,55:16.6,998
153,55:17.6,996
153,55:18.6,995
153,55:19.6,990
153,55:20.6,982
153,55:21.6,984
153,55:22.6,984
153,55:23.6,997
153,55:24.6,999
153,55:25.6,990
153,55:26.6,993
153,55:27.6,990
153,55:28.6,1251
153,55:29.6,1319
153,55:30.6,1503
153,55:31.6,1593
153,55:32.6,1603
153,55:33.6,1605
153,55:34.6,1604
153,55:35.6,1606
153,55:36.6,1606
153,55:37.6,1604
153,55:38.6,1601
153,55:39.6,1547
153,55:40.6,1464
153,55:41.6,1379
153,55:42.6,1320
153,55:43.6,1246
153,55:44.6,1213
153,55:45.6,1193
153,55:46.6,1163
153,55:47.6,1135
153,55:48.6,1099
153,55:49.6,1063
153,55:50.6,1054
153,55:51.6,1051
153,55:52.6,1053
153,55:53.6,1053
153,55:54.6,1062
153,55:55.6,1051
153,55:56.6,1046
153,55:57.6,1046
153,55:58.6,1044
153,55:59.6,1045
153,56:00.6,1043
153,56:01.6,1041
153,56:02.6,1039
153,56:03.6,1038
153,56:04.6,1039
153,56:05.6,1039
153,56:06.6,1039
153,56:07.6,1030
153,56:08.6,1026
153,56:09.6,1024
153,56:10.6,1023
153,56:11.6,1017
153,56:12.6,1019
153,56:13.6,1013
153,56:14.6,1014
153,56:15.6,1001
153,56:16.6,990
153,56:17.6,981
153,56:18.6,977
153,56:19.6,1008
153,56:20.6,1049
153,56:21.6,998
153,56:22.6,1048
153,56:23.6,1022
153,56:24.6,1036
153,56:25.6,1017
153,56:26.6,1015
153,56:27.6,994
153,56:28.6,996
153,56:29.6,996
153,56:30.6,1035
153,56:31.6,1035
153,56:32.6,1019
153,56:33.6,1011
153,56:34.6,1012
153,56:35.6,995
153,56:36.6,999
153,56:37.6,1003
153,56:38.6,1000
153,56:39.6,998
153,56:40.6,1000
153,56:41.6,998
153,56:42.6,1184
153,56:43.6,1040
153,56:44.6,1112
153,56:45.6,1147
153,56:46.6,1180
153,56:47.6,1095
153,56:48.6,1230
153,56:49.6,1086
153,56:50.6,1213
153,56:51.6,1569
153,56:52.6,1573
153,56:53.6,1505
153,56:54.6,1397
153,56:55.6,1391
153,56:56.6,1436
153,56:57.6,1485
153,56:58.6,1526
153,56:59.6,1540
153,57:00.6,1544
153,57:01.6,1544
153,57:02.6,1544
153,57:03.6,1541
153,57:04.6,1536
153,57:05.6,1509
153,57:06.6,1456
153,57:07.6,1369
153,57:08.6,1240
153,57:09.6,1195
153,57:10.6,1168
153,57:11.6,1098
153,57:12.6,1088
153,57:13.6,1086
153,57:14.6,1082
153,57:15.6,1074
153,57:16.6,1069
153,57:17.6,1055
153,57:18.6,1039
153,57:19.6,1031
153,57:20.6,1032
153,57:21.6,1019
153,57:22.6,1050
153,57:23.6,1029
153,57:24.6,1027
153,57:25.6,1071
153,57:26.6,1013
153,57:27.6,1078
153,57:28.6,1027
153,57:29.6,1034
153,57:30.6,1025
153,57:31.6,1020
153,57:32.6,1019
153,57:33.6,1022
153,57:34.6,1026
153,57:35.6,1035
153,57:36.7,1039
153,57:37.6,1054
153,57:38.6,1045
153,57:39.6,1039
153,57:40.6,1041
153,57:41.6,1038
153,57:42.6,1037
153,57:43.6,1038
153,57:44.6,1041
153,57:45.6,1039
153,57:46.6,1040
153,57:47.6,1044
153,57:48.6,1047
153,57:49.6,1048
153,57:50.6,1049
153,57:51.6,1050
153,57:52.6,1045
153,57:53.6,1057
153,57:54.6,1043
153,57:55.6,1042
153,57:56.6,1037
153,57:57.6,1036
153,57:58.6,1038
153,57:59.6,1031
153,58:00.6,1029
153,58:01.6,1029
153,58:02.6,1033
153,58:03.6,1028
153,58:04.6,1025
153,58:05.6,1312
153,58:06.6,1019
153,58:07.6,1382
153,58:08.6,1088
153,58:09.6,1185
153,58:10.6,1295
153,58:11.6,1581
153,58:12.6,1601
153,58:13.6,1600
153,58:14.6,1602
153,58:15.6,1438
153,58:16.6,1234
153,58:17.6,1125
153,58:18.6,1099
153,58:19.6,1076
153,58:20.6,1067
153,58:21.6,1065
153,58:22.6,1051
153,58:23.6,1043
153,58:24.6,1038
153,58:25.6,1075
153,58:26.6,1077
153,58:27.6,1040
153,58:28.6,1121
153,58:29.6,1069
153,58:30.6,1056
153,58:31.6,1033
153,58:32.6,1071
153,58:33.6,1079
153,58:34.6,1043
153,58:35.6,1044
153,58:36.6,1040
153,58:37.6,1056
153,58:38.6,1054
153,58:39.6,1057
153,58:40.6,1067
153,58:41.6,1059
153,58:42.6,1063
153,58:43.6,1067
153,58:44.6,1076
153,58:45.6,1057
153,58:46.6,1063
153,58:47.6,1057
153,58:48.6,1054
153,58:49.6,1055
153,58:50.6,1055
153,58:51.6,1054
153,58:52.6,1060
153,58:53.6,1061
153,58:54.6,1057
153,58:55.6,1057
153,58:56.6,1056
153,58:57.6,1054
153,58:58.6,1051
153,58:59.6,1048
153,59:00.6,1046
153,59:01.6,1039
153,59:02.6,1200
153,59:03.6,1447
153,59:04.6,1249
153,59:05.6,1578
153,59:06.6,1600
153,59:07.6,1601
153,59:08.6,1602
153,59:09.6,1602
153,59:10.6,1601
153,59:11.6,1602
153,59:12.6,1602
153,59:13.6,1602
153,59:14.6,1595
153,59:15.6,1586
153,59:16.6,1585
153,59:17.6,1583
153,59:18.6,1582
153,59:19.6,1576
153,59:20.6,1367
153,59:21.6,1115
153,59:22.6,1093
153,59:23.6,1081
153,59:24.6,1070
153,59:25.6,1064
153,59:26.6,1062
153,59:27.6,1055
153,59:28.6,1048
153,59:29.6,1044
153,59:30.6,1036
153,59:31.6,1024
153,59:32.6,1018
153,59:33.6,1014
153,59:34.6,1003
153,59:35.6,995
153,59:36.6,993
153,59:37.6,993
153,59:38.6,1005
153,59:39.6,1002
153,59:40.6,1003
153,59:41.6,995
153,59:42.6,991
153,59:43.6,1003
153,59:44.6,1005
153,59:45.6,1008
153,59:46.6,995
153,59:47.6,993
153,59:48.6,999
153,59:49.6,1002
153,59:50.6,1005
153,59:51.6,1005
153,59:52.6,1008
153,59:53.6,1009
153,59:54.6,1012
153,59:55.6,1035
153,59:56.6,1162
153,59:57.6,1486
153,59:58.6,982
153,59:59.6,1178
